{
    "box": {
        "precision": 0.9996336453265855,
        "recall": 1.0,
        "mAP50": 0.995,
        "mAP50-95": 0.8638184245116077,
        "f1_score": 0.9998167891032086
    },
    "pose": {
        "precision": 0.9996336453265855,
        "recall": 1.0,
        "mAP50": 0.995,
        "mAP50-95": 0.9949999999999999,
        "f1_score": 0.9998167891032086
    }
}